FFSD	-22.35628954	4
FRUK	-17.75976927	4
SUCP	0.994801139	4
SUCRPTS	-54.72091285	4
TRE6PP	-15.89622751	4
TREH	-6.21935008	4
TREHtex	-44.67915182	4
OMP_SUCR	0	4
OMP_CIT	0	4
OMP_TREH	0	4
4HBTE	-20.3735343245	4
5DOAN	3.18167346106	4
5HPUDICDCs	-56.4442289762	4
A5PISO	-2.5058800473	4
AACPS10	39.8926472238	4
AACPS11	32.3752409645	4
AACPS12	24.8578347051	4
AACPS13	17.3404284458	4
AACPS14	-38.1024475733	4
AACPS15	-53.1316794806	4
AACPS16	55.2334439462	4
AACPS3	25.163818909	4
AACPS4	-45.6153234432	4
AACPS5	-60.6501359618	4
AACPS6	32.6812251683	4
AACPS7	17.6464126497	4
AACPS8	10.1290063904	4
AACPS9	47.4100534831	4
AACPSFA130OH	206.5742294	4
AACPSFA1718	-53.1325476875	4
AACPSFA1817	-60.6512466302	4
ABTA	8.03222400635	4
ACACCB	-27.0104341739	4
ACACCT	7.18522897216	4
ACACT10R	-27.0957798944	4
ACACt2	0.0	4
ACALDi	-20.9198204162	4
ACCOAC	-600.842578503	4
ACCOAL	5.76730413493	4
ACGAMK	-10.0797496482	4
ACGAt2	0	4
ACGK	23.2060790221	4
ACGS	-22.6162642473	4
ACHBS	-37.5569295543	4
ACKr	-14.1282428321	4
ACLS	-42.5481596148	4
ACMAT1	12.257347612	4
ACNAMS	-65.3855398588	4
ACOAD10	42.5546142089	4
ACOAD8	42.5546142089	4
ACOAD9	51.7576367979	4
ACOATA	-4.03887452828	4
ACODA	-7.65286244209	4
ACONT	7.90759341074	4
ACOTA	-6.89473770551	4
ACS	-10.5273534912	4
ACt6	0	4
ADA	-21.2806783998	4
ADCL	-89.9053372789	4
ADCOBAS	-84.0022610267	4
ADCOBHEXS	-789.584514597	4
ADCS	-16.6872916292	4
ADHMCYSSYN	35.4788041002	4
ADK1	-1.58891131486	4
ADK3	-1.69411541815	4
ADK4	0.652365335912	4
ADMDC	-386.934471627	4
ADNCYC	-29.8265110659	4
ADNK1	-9.14203955365	4
ADNt2	0	4
ADPRDP	-3.35981636385	4
ADPT	-16.3866852275	4
ADSK	-47.4721165692	4
ADSL1r	43.6292556442	4
ADSL2r	36.1607006754	4
ADSS	-28.2548066597	4
AEPPAT	-4.93804498477	4
AGDC	-3.65371970507	4
AGMAHYD	-51.3622780314	4
AGPEPHOS	-262.476184207	4
AGPR	11.2356788042	4
AHAI	-11.9987725502	4
AHCYSNS	-16.6547018304	4
AICART	9.25038817089	4
AIRC2	-590.369109354	4
AIRC3	31.1115962538	4
AKGD	-29.0756211285	4
ALAALA	-32.1184648998	4
ALAD_L	36.9584044134	4
ALAGLYX	-2.19550708078	4
ALAR	0.148020278753	4
ALATA_D2	5.8160827961	4
ALATA_L	0.493030054345	4
ALATA_L2	5.96410307486	4
ALA_Dt4	0.0	4
ALAt4	0.0	4
ALCD2x	22.5188046283	4
ALDD2x	-52.9599795085	4
ALLNRAC	0.0	4
ALLTC	40.7524530797	4
ALLTN	-19.3821841197	4
AMAA	6.61650926948	4
AMALT1	21.8931953841	4
AMALT2	-49.2133416919	4
AMALT3	-4.02353094771	4
AMALT4	-23.2966119884	4
AMAOT	-0.63704060955	4
AMMQT7_2	-22.597512105	4
AMPMS2	-174.579802541	4
AMPTASECG	14.8248062759	4
AMPTASEPG	30.7607063807	4
ANPRT	-57.4517110788	4
ANS1	-106.595450234	4
AOXS	13.5537688452	4
AP4AH	7.35204658637	4
APRAUR	-17.4027267486	4
ARBABC	-28.4564280778	4
ARGDC	1.38636774756	4
ARGSL	10.250527543	4
ARGSS	-0.781734772048	4
ARSRD2	-167.615563146	4
ARSt1	0.0	4
ASAD	4.81795666912	4
ASNN	-12.7135751232	4
ASNS1	-43.9535935731	4
ASP1DC	-17.0628567745	4
ASPCT	-21.5122188775	4
ASPK	18.4266500271	4
ASPO3	-137.083632292	4
ASPO5	-21.1030396045	4
ASPO6	49.6899362747	4
ASPO8	47.0520064273	4
ASPO9	-15.0477977967	4
ASPTA1	2.92405470868	4
ASPTA4	-21.4896097461	4
ASPt2	0	4
AST	-9.90902014971	4
ATPPRT	-94.9959380326	4
ATPS4r	28.4564280778	4
BETALDHx	-36.692948066	4
BETALDHy	-35.4460972194	4
BPNT	-1.89870062374	4
BTS4	-213.723167396	4
BUTSUCCCOA	-5.50947410218	4
BUT_T	0.0	4
C120SN	-242.859320285	4
C130ISN	-234.299837598	4
C130OHISN	-11.7990148253	4
C140ISN	-312.399783465	4
C140SN	-320.959266151	4
C150ISN	-312.399783465	4
C150SN	-390.499729331	4
C151SN	-344.576247302	4
C160ISN	-390.499729331	4
C160SN	-399.059212017	4
C161SN	-419.523101401	4
C170ISN	-390.499729331	4
C170SN	-468.599675197	4
C171SN	-422.676193169	4
C171n8SN	-422.676011154	4
C180SN	-477.159157883	4
C181SN	-497.623047268	4
C181n7SN	-497.622865253	4
C205SN	-132.557111243	4
C50SN	66.3873714123	4
C60ISN	58.5639809491	4
C70ISN	51.0465746898	4
CAT	-469.528814799	4
CBL1abc	-28.4564280778	4
CBPS	-612.689062439	4
CDPG46D	-104.943405742	4
CDPMEK	-8.98904567642	4
CHITINS	4.20636859021	4
CHOLDH1	12.847835875	4
CHOLDH2	25.713896943	4
CHOLDH3	26.9607477896	4
CHOLDH4	28.3864025683	4
CHOLDH5	-33.7134016557	4
CHOLt4	0.0	4
CHORM	-44.6969693733	4
CHORS	-54.2881200992	4
CHRPL	-113.359739434	4
CITT7	0.0	4
CKDOAS	20.8014278524	4
CLAT	-17.4928824522	4
CO2t	0	4
COBALTt3	0	4
COBALTt5	0	4
CONFALDD	-35.1930184583	4
CPPPGO	-370.960455098	4
CRO4t6	0.0	4
CS	-37.2456995954	4
CSND	-25.8641724094	4
CSNt2	0.0	4
CTPS2	-17.1321665728	4
CU2t	-28.45642808	4
CYCPOe	-404.780228211	4
CYOO2	-170.015820812	4
CYOR7	122.024981979	4
CYSS	-56.3647124	4
CYSTL	6.76678391376	4
CYTBD	-47.9908388325	4
CYTBO3_4	-47.9908388325	4
CYTD	-18.7127073257	4
CYTDH	3.01128980236	4
CYTDK1	-19.0819564351	4
CYTDK2	-19.1871605384	4
CYTDK3	-16.8406797844	4
CYTDt2	0	4
CYTK1	3.44550971517	4
CYTK2	1.47698883752	4
CampHydrolyase	-12.7410015177	4
Clt	0	4
Cut1	-28.4564280778	4
D-LACt2	0	4
DADA	-17.72448209	4
DADK	6.27116230969	4
DADNt2	0	4
DAGK	-13.5785481765	4
DAHPS	-73.4702339231	4
DAPDC	-50.4449843555	4
DAPE	-0.677789811062	4
DASYN	-46.8029672762	4
DB4PS	-81.28069902	4
DBTSr	-15.7897263815	4
DCYTD	-16.9033164322	4
DCYTt2	0	4
DGK1	0.729850890639	4
DHAD1	-42.9286865127	4
DHAD2	-42.9284999566	4
DHDPRy	-22.8764039066	4
DHDPS	-115.618633467	4
DHFR	-25.3219605998	4
DHFS	-14.8557455499	4
DHNAOT7	-79.3128759806	4
DHNPA	-0.750888257692	4
DHORD2	-167.337434206	4
DHORD4i	16.7982045134	4
DHORD8	-45.3015997106	4
DHORTS	-6.25399132233	4
DHPPDA2	26.2786110965	4
DHPRx	36.5043376169	4
DHPS3	-56.1496172739	4
DHPTPE	0.0	4
DHQD1	-5.03211921228	4
DHQS	-124.885902818	4
DIPEPabc10	-28.4564280778	4
DIPEPabc13	-28.4564280778	4
DKMPPD3	-66.2516669812	4
DMATT	-94.2693460631	4
DMOCT	-33.66124759	4
DMPPS	-64.0817495735	4
DMQMT	-8.84537562558	4
DNMPPA	-18.7088364235	4
DNTPPA	-42.4219799095	4
DPCOAK	0.701758061982	4
DPR	-18.3304080203	4
DRBK	-16.8977346445	4
DRPA	21.6257038798	4
DTMPK	2.65769760922	4
DURIK1	-14.8570506365	4
DURIPP	14.1772064642	4
DURIt2	0	4
DUTPDP	-59.1158962485	4
DXPRI	-15.8021399608	4
DXPS	-31.910065282	4
E4PD	-38.9569798135	4
ECOAH2C	14.6246789218	4
ECOAH9	19.5288049784	4
EDA	16.9469194134	4
ENO	-3.98031179741	4
EPPP2	-24.7654735308	4
FAO4	-702.543025521	4
FAO5	-837.961355507	4
FAO6	-973.379685494	4
FAO7	-1108.79801548	4
FBA	23.147019149	4
FBP	-12.2367432245	4
FDH10	-77.286879988	4
FDH9	-15.187075764	4
FE2abc	-28.4564280778	4
FE3abc	-28.4564280778	4
FGLU	-23.4057722878	4
FMNRx	-17.0620314683	4
FORt	0	4
FRD8	-68.1550460318	4
FRD9	-6.05524180781	4
FRTT	-91.968779917	4
FTHFD	-23.0423794278	4
FTHFL	-5.41404865002	4
FUM	-3.3553716015	4
FUMACA	-51.9912458675	4
FUMt4_2	0.0	4
G1PACT	-27.3288711143	4
G1PCT	-4.72669147764	4
G1PTMT	-1.36192743781	4
G1SATi	-9.3218435513	4
G35DP	-14.0307857649	4
G3PD2	28.4299903523	4
G3PD4	29.855645131	4
G3PD8	-32.244159093	4
G5SD	-13.600653869	4
G6PDA	0.931323453413	4
G6PDHy	-4.10329893837	4
GAL1PURI	-7.4941313984	4
GALACN	7.26359834863	4
GALKr	-8.75925226287	4
GALU	-0.703647671109	4
GAPD	6.07386135031	4
GARFT	-8.26012753549	4
GBEZ	-26.5266635433	4
GCALDD	-70.7548488639	4
GF6PTA	-15.0309795662	4
GGLUGABDH	-36.6869207055	4
GGLUGABH	-10.6129907035	4
GGLUPTO	38.6236646883	4
GGLUPTS	-27.7761501383	4
GGTT	-91.968779917	4
GHMT	-5.06235803096	4
GK1	-0.199867865119	4
GLCGSD	-1.92976453451	4
GLCP	63.3488960204	4
GLCS1	-76.1704368701	4
GLGC	-12.4946106082	4
GLNS	-14.356771965	4
GLU5K	30.0556673115	4
GLUCYSL	-38.2558346553	4
GLUDx	36.4653743591	4
GLUN	-14.0996561128	4
GLUPRT	-57.3984898092	4
GLUR	-1.07622010846	4
GLUSy	-51.8118813185	4
GLUt2	0	4
GLUt4i	0.0	4
GLYAT	29.0014910242	4
GLYBt4	0.0	4
GLYCKb	-9.94577776981	4
GLYCL	17.0516806475	4
GLYCLTt2r	0	4
GLYCRt2	0	4
GLYC_T	0	4
GLYK	-20.2955445426	4
GLYOX	-25.4406198452	4
GLYt4	0.0	4
GMHEPAT	-42.1009246481	4
GMHEPK	-11.8633309791	4
GMHEPPA	-10.1508377269	4
GMPS2	-69.9399028878	4
GP4GH	5.02371091902	4
GPDDA2	-38.3593683242	4
GPDDA4	-51.6379064047	4
GRTT	-91.968779917	4
GSHPO	-452.300157296	4
GSNK	-13.4398661649	4
GTHRD	13.1650728768	4
GTHRDH	8.86530405071	4
GTHRDabc	-28.4564280778	4
GTHS	-42.3471318269	4
GTPCI	-84.3269096345	4
GTPCII	-92.0689425628	4
GTPDPK	-32.3328854689	4
GUAD	23.7965388262	4
GUAPRT	-26.0845798386	4
HACD8	10.7511796109	4
HACOADr	-202.888657328	4
HBZOPT	-91.2716540041	4
HEMEOS	-81.2579600874	4
HEPTT	-91.968779917	4
HEX1	-19.3379177281	4
HEXTT	-91.968779917	4
HGT	0.0	4
HIBHR	-22.4540538697	4
HISD1	4.35769132377	4
HISTD	-33.5316296324	4
HISTP	-14.8853630042	4
HIUH	-9.94163602903	4
HMBS	-139.922323492	4
HMGDx	-3.77926025539	4
HMGL	-16.7829038697	4
HMGSs	-21.4948253534	4
HOMt2	0.0	4
HOXPRx	33.1499485822	4
HPPDO1	-489.570218185	4
HPPK	-14.8273055926	4
HPYRRx	-31.1897174079	4
HPYRRy	-32.4365682546	4
HSDy	22.6015166249	4
HSK	-11.4997357529	4
HSST	-20.4990147489	4
HSTPT	7.78543528543	4
HTHBPD	-149.820224767	4
HXAD	-2.92858909082	4
HXPRT	-25.2301368613	4
ICDHxi	0.270066524389	4
ICDHy	1.51691737102	4
ICHORSi	0.969007459253	4
ICL	6.12977118653	4
IG3PS	-77.5508111934	4
IGPDH	-47.9231955768	4
IGPS	-55.0300157924	4
ILEDH2	24.4991857877	4
ILETA	-11.9661885714	4
ILEt4	0.0	4
IMPC	3.24226426335	4
IMPD	10.5637769606	4
INDOLEt2	0	4
INSK	-18.1939361858	4
IPDPS	-59.4798618509	4
IPMD	10.7807882811	4
IPPMIb	11.0960800321	4
IPPS	-22.4439594058	4
IZPN	20.3024388049	4
KARA2i	-11.9989156436	4
KAS15	8.21847308371	4
KDOPP	-12.4408975936	4
KDOPS	-64.8318226528	4
Kt2i	0	4
Kt3	0	4
L-LACt2	0	4
LDH_Dir	-24.3488689123	4
LEUTA	-0.437228849233	4
LEUt4	0.0	4
LGTHL	-24.3633812935	4
LLEUDr	36.0281455099	4
LPADSS	-2.22012347599	4
LYSt3	0	4
MACPD	-18.5655030748	4
MALS	-29.237356103	4
MAN1PT2	7.52882660623	4
MCCC	-604.698772098	4
MCITD	-17.6248222258	4
MCITS	-42.9960011866	4
MCOATA	-1.80076493873	4
MDH	29.1412945356	4
MDRPD	-51.3108662479	4
ME2	9.00840443594	4
MEAMP1_GLU-ASP	1.52760781384	4
MEAMP1_GLY-ASP	5.13353830727	4
MEAMP1_GLY-GLU	-1.32499642706	4
MEPCT	-46.7151613873	4
MET-LABC	-28.4564280778	4
METAT	51.0181078121	4
METGL	188.09576198	4
METS	-181.868882813	4
MGCH	11.1260915493	4
MGt3	0	4
MGt5	0	4
MI1PP	-34.8893385843	4
MICITH	17.6235547184	4
MICITL	14.1582679476	4
MLACI	0.0	4
MLTAM	-14.4523103599	4
MLTG1e	7.44088502413	4
MLTG2e	-36.5597427092	4
MLTG3e	34.5467943668	4
MLTG4e	-10.6430163774	4
MLTG5e	8.63006466332	4
MLTSp	-14.6665473251	4
MMSDHir	184.999919025	4
MNabc	-28.4564280778	4
MOBDabc	-28.4564280778	4
MOHMT	0.537252339176	4
MTAN	-6.39135614391	4
MTHFC	-7.00209294021	4
MTHFD	9.83921950202	4
MTHFR2	-41.5579039135	4
MTHPTGHM	-201.818822476	4
MTRI	-1.22170933935	4
MTRK	-11.3015562696	4
NADH12	-181.463133094	4
NADH16	-59.4272985987	4
NADH4	2.67250562535	4
NADK	-8.95239957527	4
NADS1	48.3245567463	4
NAabcO	-28.4564280778	4
NAt3	0	4
NAt3_2	0	4
NAt9	0.0	4
NDPK1	0.105204103289	4
NDPK2	-2.91231458715	4
NDPK3	10.2078934865	4
NDPK4	10.7254169855	4
NDPK5	0.982678895316	4
NDPK6	7.30165893089	4
NDPK7	9.72698145632	4
NDPK8	8.3745896985	4
NH4HNADOR	-465.921888211	4
NH4HNADPOR	-469.662440751	4
NH4t	0	4
NIt3	0.0	4
NMNAT	0.887736762007	4
NNAT	-42.3828736901	4
NNDMBRT	-41.348703882	4
NNDPR	-13.0579292742	4
NO3T7	0.0	4
NODOx	-93.4530273576	4
NODOy	-94.6998782042	4
NPHS	-58.4857721664	4
NTD1	-13.5993774413	4
NTD10	0.225596760846	4
NTD11	-10.262491892	4
NTD12	-27.6919395258	4
NTD2	-14.984770025	4
NTD3_P	-17.2630868033	4
NTD4	-9.37447164264	4
NTD5_P	-10.1952736841	4
NTD6_P	-15.4961953638	4
NTD7	-19.3143885241	4
NTD8_P	-28.0640448397	4
NTD9	-15.0165619129	4
NTPP1	-45.8689536844	4
NTPP10	-48.3402220036	4
NTPP11	-48.3574672557	4
NTPP2	-44.0617601366	4
NTPP3	-55.3603941923	4
NTPP4	-57.8098271001	4
NTPP5	-58.8021759066	4
NTPP6	-42.5675125836	4
NTPP7	-57.5395384932	4
NTPP8	-45.4883184257	4
NTPP9	-31.0114972408	4
NTR4	-182.744684765	4
NTR5	-120.644880541	4
O2t	0	4
OAADC	-21.3797409463	4
OBTFL	-13.2329537404	4
OCBT	-25.11843091	4
OHPBAT	15.6050868871	4
OHPHM	-8.82929405704	4
OIVD1i	-31.208587648	4
OIVD2	-25.5321193512	4
OIVD3	-25.5319731607	4
OMBZLM	3.19626939436	4
OMCDC	-10.7660476048	4
OMMBLHX	-213.629789956	4
OMMBLHXAN	-41.0886741853	4
OMPDC	3.19644200178	4
OMPHHX	-213.630563834	4
OMPHHXAN	-41.0894480635	4
OMP_AC	0.0	4
OMP_ACGAM	0.0	4
OMP_ADN	0.0	4
OMP_ALA-D	0.0	4
OMP_ALA-L	0.0	4
OMP_ASP-L	0.0	4
OMP_BGL	0.0	4
OMP_CA2	0.0	4
OMP_CBL1	0.0	4
OMP_CHITOB	0.0	4
OMP_CHOL	0.0	4
OMP_CL	0.0	4
OMP_CO2	0.0	4
OMP_COBALT2	0.0	4
OMP_CU2	0.0	4
OMP_CYTD	0.0	4
OMP_DAD-2	0.0	4
OMP_DAMP	0.0	4
OMP_DCMP	0.0	4
OMP_DCYT	0.0	4
OMP_DGMP	0.0	4
OMP_DGSN	0.0	4
OMP_DMS	0.0	4
OMP_DMSO	0.0	4
OMP_DODCA	0.0	4
OMP_DTMP	0.0	4
OMP_DURI	0.0	4
OMP_FE2	0.0	4
OMP_FOR	0.0	4
OMP_FUM	0.0	4
OMP_GAL	0.0	4
OMP_GALTAN	0.0	4
OMP_GLC-D	0.0	4
OMP_GLU-L	0.0	4
OMP_GLY	0.0	4
OMP_GLY-ASP-L	0.0	4
OMP_GLY-GLU-L	0.0	4
OMP_GLYB	0.0	4
OMP_GLYC	0.0	4
OMP_GLYC-R	0.0	4
OMP_GLYCLT	0.0	4
OMP_GTHRD	0.0	4
OMP_H2	0.0	4
OMP_H2O2	0.0	4
OMP_H2S	0.0	4
OMP_HDCA	0.0	4
OMP_ILE-L	0.0	4
OMP_INDOLE	0.0	4
OMP_INOSHP	0.0	4
OMP_INOSPP1	0.0	4
OMP_K	0.0	4
OMP_LAC-D	0.0	4
OMP_LAC-L	0.0	4
OMP_LEU-L	0.0	4
OMP_LYS-L	0.0	4
OMP_MAL-L	0.0	4
OMP_MALT	0.0	4
OMP_MALTHP	0.0	4
OMP_MALTTTR	0.0	4
OMP_MET-L	0.0	4
OMP_MG2	0.0	4
OMP_MN2	0.0	4
OMP_MOBD	0.0	4
OMP_NH4	0.0	4
OMP_NMN	0.0	4
OMP_NO2	0.0	4
OMP_NO3	0.0	4
OMP_O2	0.0	4
OMP_OCDCA	0.0	4
OMP_PI	0	4
OMP_PMCOA	0	4
OMP_PPA	0.0	4
OMP_PRO-L	0.0	4
OMP_PTRC	0.0	4
OMP_PYR	0	4
OMP_SER-L	0	4
OMP_SO3	0.0	4
OMP_SO4	0	4
OMP_SUCC	0	4
OMP_THR-L	0	4
OMP_THYMD	0	4
OMP_TMA	0.0	4
OMP_TMAO	0.0	4
OMP_TRP-L	0	4
OMP_TSUL	0.0	4
OMP_TTDCA	0.0	4
OMP_TTTNT	0.0	4
OMP_TYR-L	0	4
OMP_URA	0	4
OMP_UREA	0	4
OMP_URI	0	4
OMP_VAL-L	0.0	4
OMP_XAN	0	4
OMP_na1	0.0	4
OPHBDC	-11.158694152	4
OPHHX	-213.635586785	4
OPHHXAN	-41.0944710137	4
ORNCD	-27.3415568974	4
ORPT	53.0230329526	4
OXGDC2	-26.504162654	4
P5CD	-35.5741268528	4
P5CR	-50.2884597051	4
PANTS	-46.9966125512	4
PAP	-14.8778799012	4
PAPPT3	12.3437588542	4
PDH	-39.938113435	4
PDX5PO	19.9221775128	4
PDX5PS	-245.394402866	4
PERD	10.8036689781	4
PFL	-22.0785320457	4
PGAMT	-3.19677654328	4
PGCD	33.6222060705	4
PGDH	8.46505724915	4
PGDHY	-41.2653288795	4
PGI	2.54395054196	4
PGK	-18.9302050525	4
PGL	-22.8105627141	4
PGLYCP	-39.4017960772	4
PGM	5.36307188086	4
PGMT	-7.20115478906	4
PGPPH	-12.4367849779	4
PGSA	25.4994342232	4
PHE4MO	-442.908827455	4
PHEAL	-3.22819080619	4
PHEMEabc	-28.4564280778	4
PHETA1	-0.458280769643	4
PHNabc	-28.4564280778	4
PIabc	-28.4564280778	4
PIt6	0.0	4
PMANM	-5.76162270353	4
PMCOAt	0.0	4
PMDPHT	-14.6175595894	4
PMPK	3.87552068795	4
PNTK	-17.3953763238	4
PPA	-12.7564322571	4
PPAtNa	0.0	4
PPBNGS	-106.750804187	4
PPC	-35.7027635202	4
PPCDC	-15.4095106782	4
PPCK	7.24633544245	4
PPM	-8.46382016037	4
PPM2	-3.73164203318	4
PPNCL	-56.7091677736	4
PPND	-81.8141443441	4
PPNDH	-88.7499376489	4
PPPGFUM	-137.484182214	4
PPPGMEN	66.9809558812	4
PPPGNO3	-481.253098414	4
PPPGO	-629.398476774	4
PPS	1.75855962583	4
PPTT	-91.968779917	4
PRAGS	-34.8274636731	4
PRAIS	-42.6919544652	4
PRAIi	-5.37138898774	4
PRASCS	-43.653160872	4
PRATPP	-44.1556703399	4
PRFGS	21.2756172707	4
PRKIN	-15.239007753	4
PRMICIi	-5.34531295496	4
PRO1q	-132.421524236	4
PROt4	0.0	4
PRPPS	-6.34331694977	4
PSCVT	-36.1613792404	4
PSD	-17.6453087272	4
PSERT	-10.4317332687	4
PSP_L	-9.08269627969	4
PSSA	7.99929549009	4
PSUDS	-34.178167438	4
PTAr	10.5445118176	4
PTPATi	-62.2737538626	4
PTRCabc	-28.4564280778	4
PULLNASE	32.7480796179	4
PUNP1	7.94069827823	4
PUNP2	14.7309741674	4
PUNP3	13.340766278	4
PUNP4	20.9875646518	4
PUNP5	7.73225327992	4
PUNP6	10.9663328593	4
PUNP7	8.62241223898	4
PYAM5PO	36.3047368113	4
PYDXL5PSYN	-321.354840638	4
PYK	-28.6260763888	4
PYNP2	5.71152748359	4
PYRt2	0.0	4
QULNS	-225.376410868	4
RBFSa	-135.00461141	4
RBFSb	-30.0783397689	4
RBK	-27.0685454732	4
RBZP	-15.0572333182	4
RHCCE	-15.0513541268	4
RIBabc	-28.4564280778	4
RPE	-2.39458555716	4
RPI	0.829633248208	4
S7PI	9.00140395633	4
SADH	-82.8720068494	4
SADT2	13.0909224718	4
SDPDS	15.901309855	4
SDPTA	-0.240771346304	4
SERAT	-6.7919405866	4
SERD_D	-29.5449431614	4
SERD_L	-33.3421465461	4
SERGLYX	1.24582532362	4
SERt4	0.0	4
SERt6	0.0	4
SFGTH	-23.4579169573	4
SGDS	1.57115267541	4
SGSAD	-40.3701320621	4
SHCHCS2	-63.9441614667	4
SHCHD2	-11.7941026518	4
SHK3D	-43.7709033966	4
SHKK	-2.99341859751	4
SHSL1	-65.4308642619	4
SLCYSS	-635.176867077	4
SO4t2	0.0	4
SOD	98.9506754863	4
SOTA	-5.58939507339	4
SPA	3.4413324044	4
SPRS	387.691936914	4
SSALx	-41.781914278	4
SUCBZL	-25.2725296195	4
SUCBZS	-54.9103893554	4
SUCCt4	0.0	4
SUCCtex	0.0	4
SUCD7	-115.980592688	4
SUCOAS	-1.97783791976	4
TAL	0.0877699711893	4
TDP	-33.5400720005	4
TDP3AAAT	33.6580213861	4
TDPDRE	0.0	4
TDPDRR	12.6028980978	4
TDPGDH	-80.1347975568	4
THD2	1.24685084663	4
THD5	-1.24685084663	4
THDPS	27.7726723838	4
THMDt2	0.0	4
THMabc	-28.4564280778	4
THRA	3.42485922663	4
THRD	11.5065298347	4
THRD_L	-31.1537796735	4
THRHT	0	4
THRLAD	1.09040674885	4
THRS	-21.0874584985	4
THRt3	0.0	4
THRt4	0.0	4
THZPSN	-238.813244595	4
TKT1	-3.047488927	4
TKT2	-9.27708031439	4
TMDK1	-18.2611543936	4
TMDPP	13.1461465275	4
TMDS	-54.1168042019	4
TMPKr	5.08364392268	4
TMPPP	-20.6843572363	4
TPI	6.60568128236	4
TRPOR	-414.290701332	4
TRPS2	-54.5275740516	4
TRPS3	-27.3529924876	4
TRPt6	0.0	4
TSULST	49.7466163097	4
TYRt6	0.0	4
U23GAAT	-252.903467853	4
UAAGDS	-38.5493225471	4
UAGAAT	-245.062894447	4
UAGCVT	-44.0353092216	4
UAGDP	-31.1016118302	4
UAGPT3	-4.95790789617	4
UAMAGS	-34.9902979372	4
UAMAS	-35.0729483524	4
UAPGR	-53.004606071	4
UDCPDP	-31.6685068817	4
UDCPDPS	-735.750239336	4
UDPG4E	3.32842089094	4
UDPHEXURI	-6.79048372729	4
UGMDDS	-38.3236814281	4
UHGADA	-3.9572508761	4
UMPK	4.24420911439	4
UNK3	-156.354383636	4
UPP3S	-242.51160569	4
UPPDC1	-42.488428133	4
UPPRT	-18.487132932	4
UQOR	-181.463133094	4
URAt6	0.0	4
URCN	-5.84925315781	4
URDGLY	-31.8912483262	4
URHYDROX	-359.336083215	4
URIDK2	7.65781341917	4
URIH	-4.14017528138	4
URIK1	-13.4716580528	4
URIK2	-13.5768621561	4
URIK3	-11.230381402	4
URIt2	0.0	4
USHD	-3.19300137085	4
UreaExp	0.0	4
VALALAMOB	-5.54743019514	4
VALDHr	31.4109742183	4
VALTA	-5.05440014079	4
VALt4	0.0	4
WO4abc	-28.4564280778	4
XAND	-50.2096329767	4
XANt	0.0	4
XPK	-58.5356319289	4
